Designator,Pin Name,Net,Bus,Type,Part No.,Pin Group,IO Bank,Pin Number,Site
,,,,,,,,,
A10,IO_L16N_T2_34,ADC_CLKOUT17,ADC_CLKOUT,I/O,10,,,,
A12,IO_L24N_T3_AD15N_35,ADC_CLKOUT12,ADC_CLKOUT,I/O,11,,,,
A13,IO_L24P_T3_AD15P_35,ADC_SDOA11,ADC_SDOA,I/O,11,,,,
A14,IO_L21N_T3_DQS_AD14N_35,ADC_SDOA5,ADC_SDOA,I/O,11,,,,
A15,IO_L21P_T3_DQS_AD14P_35,ADC_CLKOUT3,ADC_CLKOUT,I/O,11,,,,
A17,IO_L18N_T2_AD13N_35,ADC_SDOB3,ADC_SDOB,I/O,11,,,,
A2,IO_L24N_T3_34,ADC_SDOB24,ADC_SDOB,I/O,10,,,,
A24,PS_MIO8_500,VMODE1,,I/O,4,,,,
A3,IO_L22N_T3_34,ADC_CLKOUT23,ADC_CLKOUT,I/O,10,,,,
A4,IO_L22P_T3_34,ADC_SDOC10,ADC_SDOC,I/O,10,,,,
A5,IO_L21N_T3_DQS_34,ADC_SDOD16,ADC_SDOD,I/O,10,,,,
A7,IO_L18N_T2_34,ADC_CLKOUT10,ADC_CLKOUT,I/O,10,,,,
A8,IO_L17N_T2_34,ADC_SDOD22,ADC_SDOD,I/O,10,,,,
A9,IO_L17P_T2_34,ADC_SDOD17,ADC_SDOD,I/O,10,,,,
AA10,IO_L3N_T0_DQS_12,NetD16_AA10,,I/O,7,,,,
AA12,IO_L6N_T0_VREF_12,PL_STATUS_G1,,I/O,7,,,,
AA13,IO_L6P_T0_12,PL_STATUS_R1,,I/O,7,,,,
AA14,IO_L22N_T3_12,NetD16_AA14,,I/O,7,,,,
AA15,IO_L22P_T3_12,NetD16_AA15,,I/O,7,,,,
AA17,IO_L19N_T3_VREF_12,NetD16_AA17,,I/O,7,,,,
AA18,IO_L24N_T3_13,NetD16_AA18,,I/O,8,,,,
AA19,IO_L22P_T3_13,NetD16_AA19,,I/O,8,,,,
AA20,IO_L20P_T3_13,NetD16_AA20,,I/O,8,,,,
AA22,IO_L10P_T1_13,PL_GPIO_0,,I/O,8,,,,
AA23,IO_L10N_T1_13,PL_GPIO_1,,I/O,8,,,,
AA24,IO_L6P_T0_13,NetD16_AA24,,I/O,8,,,,
AA25,IO_L1P_T0_13,NetD16_AA25,,I/O,8,,,,
AB10,IO_L4N_T0_12,NetD16_AB10,,I/O,7,,,,
AB11,IO_L4P_T0_12,NetD16_AB11,,I/O,7,,,,
AB12,IO_L2P_T0_12,NetD16_AB12,,I/O,7,,,,
AB14,IO_L14N_T2_SRCC_12,NetD16_AB14,,I/O,7,,,,
AB15,IO_L14P_T2_SRCC_12,NetD16_AB15,,I/O,7,,,,
AB16,IO_L20N_T3_12,NetD16_AB16,,I/O,7,,,,
AB17,IO_L20P_T3_12,NetD16_AB17,,I/O,7,,,,
AB19,IO_L22N_T3_13,NetD16_AB19,,I/O,8,,,,
AB20,IO_L20N_T3_13,NetD16_AB20,,I/O,8,,,,
AB21,IO_L9P_T1_DQS_13,NetD16_AB21,,I/O,8,,,,
AB22,IO_L9N_T1_DQS_13,NetD16_AB22,,I/O,8,,,,
AB24,IO_L6N_T0_VREF_13,NetD16_AB24,,I/O,8,,,,
AB25,IO_L1N_T0_13,NetD16_AB25,,I/O,8,,,,
AB26,IO_L2P_T0_13,NetD16_AB26,,I/O,8,,,,
AC11,IO_L2N_T0_12,NetD16_AC11,,I/O,7,,,,
AC12,IO_L11P_T1_SRCC_12,NetD16_AC12,,I/O,7,,,,
AC13,IO_L12P_T1_MRCC_12,NetD16_AC13,,I/O,7,,,,
AC14,IO_L13P_T2_MRCC_12,NetD16_AC14,,I/O,7,,,,
AC16,IO_L21N_T3_DQS_12,NetD16_AC16,,I/O,7,,,,
AC17,IO_L21P_T3_DQS_12,NetD16_AC17,,I/O,7,,,,
AC18,IO_L21P_T3_DQS_13,NetD16_AC18,,I/O,8,,,,
AC19,IO_L21N_T3_DQS_13,NetD16_AC19,,I/O,8,,,,
AC21,IO_L14P_T2_SRCC_13,NetD16_AC21,,I/O,8,,,,
AC22,IO_L14N_T2_SRCC_13,NetD16_AC22,,I/O,8,,,,
AC23,IO_L12P_T1_MRCC_13,NetD16_AC23,,I/O,8,,,,
AC24,IO_L12N_T1_MRCC_13,NetD16_AC24,,I/O,8,,,,
AC26,IO_L2N_T0_13,NetD16_AC26,,I/O,8,,,,
AD10,IO_L7N_T1_12,NetD16_AD10,,I/O,7,,,,
AD11,IO_L11N_T1_SRCC_12,NetD16_AD11,,I/O,7,,,,
AD13,IO_L12N_T1_MRCC_12,NetD16_AD13,,I/O,7,,,,
AD14,IO_L13N_T2_MRCC_12,NetD16_AD14,,I/O,7,,,,
AD15,IO_L15N_T2_DQS_12,NetD16_AD15,,I/O,7,,,,
AD16,IO_L15P_T2_DQS_12,NetD16_AD16,,I/O,7,,,,
AD18,IO_L17P_T2_13,NetD16_AD18,,I/O,8,,,,
AD19,IO_L17N_T2_13,NetD16_AD19,,I/O,8,,,,
AD20,IO_L13P_T2_MRCC_13,NetD16_AD20,,I/O,8,,,,
AD21,IO_L13N_T2_MRCC_13,NetD16_AD21,,I/O,8,,,,
AD23,IO_L11P_T1_SRCC_13,PL_GPIO_2,,I/O,8,,,,
AD24,IO_L11N_T1_SRCC_13,PL_GPIO_3,,I/O,8,,,,
AD25,IO_L4P_T0_13,NetD16_AD25,,I/O,8,,,,
AD26,IO_L4N_T0_13,NetD16_AD26,,I/O,8,,,,
AE10,IO_L7P_T1_12,PL_STATUS_Y1,,I/O,7,,,,
AE11,IO_L9P_T1_DQS_12,NetD16_AE11,,I/O,7,,,,
AE12,IO_L8P_T1_12,NetD16_AE12,,I/O,7,,,,
AE13,IO_L10P_T1_12,NetD16_AE13,,I/O,7,,,,
AE15,IO_L17N_T2_12,NetD16_AE15,,I/O,7,,,,
AE16,IO_L17P_T2_12,NetD16_AE16,,I/O,7,,,,
AE17,IO_L18P_T2_12,NetD16_AE17,,I/O,7,,,,
AE18,IO_L18P_T2_13,NetD16_AE18,,I/O,8,,,,
AE20,IO_L16P_T2_13,NetD16_AE20,,I/O,8,,,,
AE21,IO_L16N_T2_13,NetD16_AE21,,I/O,8,,,,
AE22,IO_L7P_T1_13,PL_STATUS_R2,,I/O,8,,,,
AE23,IO_L8P_T1_13,PL_STATUS_Y2,,I/O,8,,,,
AE25,IO_L3P_T0_DQS_13,NetD16_AE25,,I/O,8,,,,
AE26,IO_L3N_T0_DQS_13,NetD16_AE26,,I/O,8,,,,
AF10,IO_L9N_T1_DQS_12,NetD16_AF10,,I/O,7,,,,
AF12,IO_L8N_T1_12,NetD16_AF12,,I/O,7,,,,
AF13,IO_L10N_T1_12,NetD16_AF13,,I/O,7,,,,
AF14,IO_L16N_T2_12,NetD16_AF14,,I/O,7,,,,
AF15,IO_L16P_T2_12,NetD16_AF15,,I/O,7,,,,
AF17,IO_L18N_T2_12,NetD16_AF17,,I/O,7,,,,
AF18,IO_L18N_T2_13,NetD16_AF18,,I/O,8,,,,
AF19,IO_L15P_T2_DQS_13,NetD16_AF19,,I/O,8,,,,
AF20,IO_L15N_T2_DQS_13,NetD16_AF20,,I/O,8,,,,
AF22,IO_L7N_T1_13,PL_STATUS_G2,,I/O,8,,,,
AF23,IO_L8N_T1_13,NetD16_AF23,,I/O,8,,,,
AF24,IO_L5P_T0_13,NetD16_AF24,,I/O,8,,,,
AF25,IO_L5N_T0_13,NetD16_AF25,,I/O,8,,,,
B1,IO_L23N_T3_34,ADC_SDOC16,ADC_SDOC,I/O,10,,,,
B10,IO_L16P_T2_34,ADC_SDOA17,ADC_SDOA,I/O,10,,,,
B11,IO_L23N_T3_35,ADC_SDOB12,ADC_SDOB,I/O,11,,,,
B12,IO_L22N_T3_AD7N_35,ADC_SDOD11,ADC_SDOD,I/O,11,,,,
B14,IO_L20N_T3_AD6N_35,ADC_SDOC4,ADC_SDOC,I/O,11,,,,
B15,IO_L17N_T2_AD5N_35,ADC_SDOD3,ADC_SDOD,I/O,11,,,,
B16,IO_L17P_T2_AD5P_35,ADC_SDOC3,ADC_SDOC,I/O,11,,,,
B17,IO_L18P_T2_AD13P_35,ADC_CLKOUT1,ADC_CLKOUT,I/O,11,,,,
B2,IO_L24P_T3_34,ADC_SDOD15,ADC_SDOD,I/O,10,,,,
B25,PS_MIO13_500,NetD16_B25,,I/O,4,,,,
B26,PS_MIO11_500,NetD16_B26,,I/O,4,,,,
B4,IO_L20N_T3_34,ADC_CLKOUT16,ADC_CLKOUT,I/O,10,,,,
B5,IO_L20P_T3_34,ADC_SDOB16,ADC_SDOB,I/O,10,,,,
B6,IO_L21P_T3_DQS_34,ADC_SDOA10,ADC_SDOA,I/O,10,,,,
B7,IO_L18P_T2_34,ADC_SDOB10,ADC_SDOB,I/O,10,,,,
B9,IO_L15N_T2_DQS_34,ADC_SDOC17,ADC_SDOC,I/O,10,,,,
C1,IO_L4N_T0_33,NetD16_C1,,I/O,9,,,,
C11,IO_L23P_T3_35,ADC_SDOD12,ADC_SDOD,I/O,11,,,,
C12,IO_L22P_T3_AD7P_35,ADC_SDOA12,ADC_SDOA,I/O,11,,,,
C13,IO_L19N_T3_VREF_35,ADC_CLKOUT11,ADC_CLKOUT,I/O,11,,,,
C14,IO_L20P_T3_AD6P_35,ADC_SDOA6,ADC_SDOA,I/O,11,,,,
C16,IO_L15N_T2_DQS_AD12N_35,ADC_SDOA2,ADC_SDOA,I/O,11,,,,
C17,IO_L15P_T2_DQS_AD12P_35,ADC_SDOA1,ADC_SDOA,I/O,11,,,,
C2,IO_L23P_T3_34,ADC_SDOB23,ADC_SDOB,I/O,10,,,,
C26,PS_MIO5_500,SPI_DQ3/MODE0,,I/O,4,,,,
C3,IO_L19N_T3_VREF_34,ADC_SDOA16,ADC_SDOA,I/O,10,,,,
C4,IO_L19P_T3_34,ADC_SDOC21,ADC_SDOC,I/O,10,,,,
C6,IO_L14N_T2_SRCC_34,ADC_SDOB22,ADC_SDOB,I/O,10,,,,
C7,IO_L13N_T2_MRCC_34,ADC_SDOA23,ADC_SDOA,I/O,10,,,,
C8,IO_L13P_T2_MRCC_34,ADC_SDOD10,ADC_SDOD,I/O,10,,,,
C9,IO_L15P_T2_DQS_34,ADC_SDOB17,ADC_SDOB,I/O,10,,,,
D10,IO_L2N_T0_AD8N_35,NetD16_D10,,I/O,11,,,,
D11,IO_L4N_T0_35,NetD16_D11,,I/O,11,,,,
D13,IO_L19P_T3_35,ADC_SDOC6,ADC_SDOC,I/O,11,,,,
D14,IO_L13N_T2_MRCC_35,ADC_SDOD5,ADC_SDOD,I/O,11,,,,
D15,IO_L13P_T2_MRCC_35,ADC_SDOA4,ADC_SDOA,I/O,11,,,,
D16,IO_L16N_T2_35,ADC_SDOD1,ADC_SDOD,I/O,11,,,,
D25,PS_MIO3_500,SPI_DQ1/MODE1,,I/O,4,,,,
D26,PS_MIO1_500,SPI_CS,,I/O,4,,,,
D3,IO_L2N_T0_33,NetD16_D3,,I/O,9,,,,
D5,IO_L10N_T1_34,ADC_SDOD23,ADC_SDOD,I/O,10,,,,
D6,IO_L14P_T2_SRCC_34,ADC_CLKOUT22,ADC_CLKOUT,I/O,10,,,,
D8,IO_L8N_T1_34,ADC_SDOC18,ADC_SDOC,I/O,10,,,,
D9,IO_L8P_T1_34,ADC_SDOB18,ADC_SDOB,I/O,10,,,,
E1,IO_L5N_T0_33,ADC_SDOA24,ADC_SDOA,I/O,9,,,,
E10,IO_L2P_T0_AD8P_35,NetD16_E10,,I/O,11,,,,
E11,IO_L4P_T0_35,NetD16_E11,,I/O,11,,,,
E12,IO_L1N_T0_AD0N_35,NetD16_E12,,I/O,11,,,,
E13,IO_L6N_T0_VREF_35,ADC_SDOB6,ADC_SDOB,I/O,11,,,,
E15,IO_L14N_T2_AD4N_SRCC_35,ADC_SDOA3,ADC_SDOA,I/O,11,,,,
E16,IO_L16P_T2_35,ADC_SDOC1,ADC_SDOC,I/O,11,,,,
E2,IO_L5P_T0_33,ADC_SDOA22,ADC_SDOA,I/O,9,,,,
E23,PS_MIO7_500,VMODE0,,I/O,4,,,,
E25,PS_MIO2_500,SPI_DQ0/MODE3,,I/O,4,,,,
E26,PS_MIO0_500,NetD16_E26,,I/O,4,,,,
E3,IO_L6N_T0_VREF_33,ADC_SDOC15,ADC_SDOC,I/O,9,,,,
E5,IO_L7N_T1_34,ADC_SDOC22,ADC_SDOC,I/O,10,,,,
E6,IO_L10P_T1_34,ADC_SDOC24,ADC_SDOC,I/O,10,,,,
E7,IO_L11N_T1_SRCC_34,ADC_SDOD24,ADC_SDOD,I/O,10,,,,
E8,IO_L9N_T1_DQS_34,ADC_CLKOUT18,ADC_CLKOUT,I/O,10,,,,
F10,IO_L3N_T0_DQS_AD1N_35,NetD16_F10,,I/O,11,,,,
F12,IO_L1P_T0_AD0P_35,NetD16_F12,,I/O,11,,,,
F13,IO_L6P_T0_35,ADC_SDOD6,ADC_SDOD,I/O,11,,,,
F14,IO_L11N_T1_SRCC_35,ADC_CLKOUT5,ADC_CLKOUT,I/O,11,,,,
F15,IO_L14P_T2_AD4P_SRCC_35,ADC_SDOD2,ADC_SDOD,I/O,11,,,,
F2,IO_L3N_T0_DQS_33,NetD16_F2,,I/O,9,,,,
F23,PS_MIO6_500,NetD16_F23,,I/O,4,,,,
F24,PS_MIO4_500,SPI_DQ2/MODE2,,I/O,4,,,,
F25,PS_DDR_DQ1_502,DDR3_D1,DDR3_D,I/O,6,,,,
F3,IO_L6P_T0_33,ADC_CLKOUT21,ADC_CLKOUT,I/O,9,,,,
F5,IO_L7P_T1_34,ADC_SDOD21,ADC_SDOD,I/O,10,,,,
F7,IO_L12N_T1_MRCC_34,ADC_SDOD9,ADC_SDOD,I/O,10,,,,
F8,IO_L11P_T1_SRCC_34,ADC_SDOD18,ADC_SDOD,I/O,10,,,,
F9,IO_L9P_T1_DQS_34,ADC_SDOA18,ADC_SDOA,I/O,10,,,,
G1,IO_L10N_T1_33,ADC_SDOC23,ADC_SDOC,I/O,9,,,,
G10,IO_L3P_T0_DQS_AD1P_35,NetD16_G10,,I/O,11,,,,
G11,IO_L5N_T0_AD9N_35,ADC_SDOC12,ADC_SDOC,I/O,11,,,,
G12,IO_L5P_T0_AD9P_35,ADC_SDOB11,ADC_SDOB,I/O,11,,,,
G14,IO_L11P_T1_SRCC_35,ADC_SDOB4,ADC_SDOB,I/O,11,,,,
G15,IO_L10N_T1_AD11N_35,ADC_SDOC2,ADC_SDOC,I/O,11,,,,
G16,IO_L10P_T1_AD11P_35,ADC_SDOB1,ADC_SDOB,I/O,11,,,,
G25,PS_DDR_DQS_N0_502,DDR3_DQS0_N,,I/O,6,,,,
G26,PS_DDR_DQ3_502,DDR3_D3,DDR3_D,I/O,6,,,,
G5,IO_L2N_T0_34,NetD16_G5,,I/O,10,,,,
G6,IO_L2P_T0_34,NetD16_G6,,I/O,10,,,,
G7,IO_L12P_T1_MRCC_34,ADC_SDOB21,ADC_SDOB,I/O,10,,,,
G9,IO_L3N_T0_DQS_34,NetD16_G9,,I/O,10,,,,
H1,IO_L7N_T1_33,ADC_CLKOUT15,ADC_CLKOUT,I/O,9,,,,
H11,IO_L1N_T0_34,NetD16_H11,,I/O,10,,,,
H12,IO_L7N_T1_AD2N_35,ADC_SDOC11,ADC_SDOC,I/O,11,,,,
H13,IO_L7P_T1_AD2P_35,ADC_CLKOUT6,ADC_CLKOUT,I/O,11,,,,
H14,IO_L12N_T1_MRCC_35,ADC_CLKOUT4,ADC_CLKOUT,I/O,11,,,,
H16,IO_0_VRN_35,NetD16_H16,,I/O,11,,,,
H2,IO_L10P_T1_33,ADC_SDOB15,ADC_SDOB,I/O,9,,,,
H23,PS_DDR_DQ5_502,DDR3_D5,DDR3_D,I/O,6,,,,
H24,PS_DDR_DQS_P0_502,DDR3_DQS0_P,,I/O,6,,,,
H26,PS_DDR_DQ4_502,DDR3_D4,DDR3_D,I/O,6,,,,
H3,IO_L8N_T1_33,ADC_SDOA21,ADC_SDOA,I/O,9,,,,
H4,IO_L8P_T1_33,ADC_CLKOUT24,ADC_CLKOUT,I/O,9,,,,
H6,IO_L4N_T0_34,NetD16_H6,,I/O,10,,,,
H7,IO_L4P_T0_34,NetD16_H7,,I/O,10,,,,
H8,IO_L6N_T0_VREF_34,ADC_SDOA15,ADC_SDOA,I/O,10,,,,
H9,IO_L3P_T0_DQS_PUDC_B_34,NetD16_H9,,I/O,10,,,,
J1,IO_L7P_T1_33,ADC_SDOB19,ADC_SDOB,I/O,9,,,,
J10,IO_L5P_T0_34,ADC_SDOB9,ADC_SDOB,I/O,10,,,,
J11,IO_L1P_T0_34,NetD16_J11,,I/O,10,,,,
J13,IO_L8N_T1_AD10N_35,ADC_SDOC5,ADC_SDOC,I/O,11,,,,
J14,IO_L12P_T1_MRCC_35,ADC_SDOD4,ADC_SDOD,I/O,11,,,,
J15,IO_L9N_T1_DQS_AD3N_35,ADC_SDOB2,ADC_SDOB,I/O,11,,,,
J23,PS_DDR_DQ7_502,DDR3_D7,DDR3_D,I/O,6,,,,
J24,PS_DDR_DQ6_502,DDR3_D6,DDR3_D,I/O,6,,,,
J25,PS_DDR_DQ2_502,DDR3_D2,DDR3_D,I/O,6,,,,
J26,PS_DDR_DQ0_502,DDR3_D0,DDR3_D,I/O,6,,,,
J3,IO_L12N_T1_MRCC_33,ADC_CLKOUT19,ADC_CLKOUT,I/O,9,,,,
J4,IO_L12P_T1_MRCC_33,ADC_SDOC19,ADC_SDOC,I/O,9,,,,
J5,IO_L20N_T3_33,ADC_CLKOUT9,ADC_CLKOUT,I/O,9,,,,
J6,IO_L22N_T3_33,ADC_SDOA9,ADC_SDOA,I/O,9,,,,
J8,IO_L6P_T0_34,ADC_SDOA19,ADC_SDOA,I/O,10,,,,
J9,IO_L5N_T0_34,ADC_SDOC9,ADC_SDOC,I/O,10,,,,
K1,IO_L9N_T1_DQS_33,ADC_SDOD19,ADC_SDOD,I/O,9,,,,
K10,IO_25_VRP_34,NetD16_K10,,I/O,10,,,,
K11,IO_0_VRN_34,NetD16_K11,,I/O,10,,,,
K12,IO_25_VRP_35,NetD16_K12,,I/O,11,,,,
K13,IO_L8P_T1_AD10P_35,ADC_SDOB5,ADC_SDOB,I/O,11,,,,
K15,IO_L9P_T1_DQS_AD3P_35,ADC_CLKOUT2,ADC_CLKOUT,I/O,11,,,,
K2,IO_L9P_T1_DQS_33,ADC_SDOA20,ADC_SDOA,I/O,9,,,,
K23,PS_DDR_DQ11_502,DDR3_D11,DDR3_D,I/O,6,,,,
K26,PS_DDR_DQ8_502,DDR3_D8,DDR3_D,I/O,6,,,,
K3,IO_L11N_T1_SRCC_33,ADC_CLKOUT20,ADC_CLKOUT,I/O,9,,,,
K5,IO_L20P_T3_33,ADC_SDOB20,ADC_SDOB,I/O,9,,,,
K6,IO_L22P_T3_33,ADC_SDOD20,ADC_SDOD,I/O,9,,,,
K7,IO_L24N_T3_33,ADC_SDOA13,ADC_SDOA,I/O,9,,,,
K8,IO_L24P_T3_33,ADC_SDOB14,ADC_SDOB,I/O,9,,,,
L2,IO_L16N_T2_33,ADC_CLKOUT13,ADC_CLKOUT,I/O,9,,,,
L23,PS_DDR_DQ9_502,DDR3_D9,DDR3_D,I/O,6,,,,
L24,PS_DDR_DQS_P1_502,DDR3_DQS1_P,,I/O,6,,,,
L25,PS_DDR_DQS_N1_502,DDR3_DQS1_N,,I/O,6,,,,
L3,IO_L11P_T1_SRCC_33,ADC_SDOC13,ADC_SDOC,I/O,9,,,,
L4,IO_L14N_T2_SRCC_33,ADC_SDOD13,ADC_SDOD,I/O,9,,,,
L5,IO_L14P_T2_SRCC_33,ADC_SDOA14,ADC_SDOA,I/O,9,,,,
L7,IO_L19N_T3_VREF_33,ADC_SDOB13,ADC_SDOB,I/O,9,,,,
L8,IO_L21N_T3_DQS_33,ADC_SDOC20,ADC_SDOC,I/O,9,,,,
L9,IO_0_VRN_33,NetD16_L9,,I/O,9,,,,
M1,IO_L18N_T2_33,ADC_SDOC14,ADC_SDOC,I/O,9,,,,
M2,IO_L16P_T2_33,ADC_CLKOUT14,ADC_CLKOUT,I/O,9,,,,
M24,PS_DDR_DQ14_502,DDR3_D14,DDR3_D,I/O,6,,,,
M25,PS_DDR_DQ12_502,DDR3_D12,DDR3_D,I/O,6,,,,
M26,PS_DDR_DQ10_502,DDR3_D10,DDR3_D,I/O,6,,,,
M4,IO_L17N_T2_33,ADC_SDOD14,ADC_SDOD,I/O,9,,,,
M5,IO_L13N_T2_MRCC_33,ADC_SDOC8,ADC_SDOC,I/O,9,,,,
M6,IO_L13P_T2_MRCC_33,ADC_SDOD8,ADC_SDOD,I/O,9,,,,
M7,IO_L19P_T3_33,ADC_CLKOUT8,ADC_CLKOUT,I/O,9,,,,
M8,IO_L21P_T3_DQS_33,ADC_CLKOUT7,ADC_CLKOUT,I/O,9,,,,
N1,IO_L18P_T2_33,ADC_SDOB8,ADC_SDOB,I/O,9,,,,
N2,IO_L15N_T2_DQS_33,ADC_SDOA7,ADC_SDOA,I/O,9,,,,
N23,PS_DDR_DQ15_502,DDR3_D15,DDR3_D,I/O,6,,,,
N24,PS_DDR_DQ13_502,DDR3_D13,DDR3_D,I/O,6,,,,
N26,PS_DDR_DQ18_502,DDR3_D18,DDR3_D,I/O,6,,,,
N3,IO_L15P_T2_DQS_33,ADC_SDOC7,ADC_SDOC,I/O,9,,,,
N4,IO_L17P_T2_33,ADC_SDOA8,ADC_SDOA,I/O,9,,,,
N6,IO_L23N_T3_33,ADC_SDOB7,ADC_SDOB,I/O,9,,,,
N7,IO_L23P_T3_33,ADC_SDOD7,ADC_SDOD,I/O,9,,,,
N8,IO_25_VRP_33,NetD16_N8,,I/O,9,,,,
P23,PS_DDR_DQ19_502,DDR3_D19,DDR3_D,I/O,6,,,,
P24,PS_DDR_DQ17_502,DDR3_D17,DDR3_D,I/O,6,,,,
P25,PS_DDR_DQS_P2_502,DDR3_DQS2_P,,I/O,6,,,,
R23,PS_DDR_DQ23_502,DDR3_D23,DDR3_D,I/O,6,,,,
R25,PS_DDR_DQS_N2_502,DDR3_DQS2_N,,I/O,6,,,,
R26,PS_DDR_DQ16_502,DDR3_D16,DDR3_D,I/O,6,,,,
T23,PS_DDR_DQ22_502,DDR3_D22,DDR3_D,I/O,6,,,,
T24,PS_DDR_DQ20_502,DDR3_D20,DDR3_D,I/O,6,,,,
T25,PS_DDR_DQ21_502,DDR3_D21,DDR3_D,I/O,6,,,,
U24,PS_DDR_DQ26_502,DDR3_D26,DDR3_D,I/O,6,,,,
U25,PS_DDR_DQ27_502,DDR3_D27,DDR3_D,I/O,6,,,,
U26,PS_DDR_DQ25_502,DDR3_D25,DDR3_D,I/O,6,,,,
V18,IO_25_13,NetD16_V18,,I/O,8,,,,
V19,IO_0_13,NetD16_V19,,I/O,8,,,,
V24,PS_DDR_DQ24_502,DDR3_D24,DDR3_D,I/O,6,,,,
W13,IO_L5P_T0_12,NetD16_W13,,I/O,7,,,,
W14,IO_0_12,NetD16_W14,,I/O,7,,,,
W15,IO_L24N_T3_12,NetD16_W15,,I/O,7,,,,
W16,IO_L24P_T3_12,NetD16_W16,,I/O,7,,,,
W17,IO_25_12,NetD16_W17,,I/O,7,,,,
W18,IO_L23P_T3_13,NetD16_W18,,I/O,8,,,,
W19,IO_L23N_T3_13,NetD16_W19,,I/O,8,,,,
W20,IO_L19P_T3_13,NetD16_W20,,I/O,8,,,,
W23,PS_DDR_DQ31_502,DDR3_D31,DDR3_D,I/O,6,,,,
W24,PS_DDR_DQS_P3_502,DDR3_DQS3_P,,I/O,6,,,,
W25,PS_DDR_DQS_N3_502,DDR3_DQS3_N,,I/O,6,,,,
W26,PS_DDR_DQ28_502,DDR3_D28,DDR3_D,I/O,6,,,,
Y10,IO_L3P_T0_DQS_12,NetD16_Y10,,I/O,7,,,,
Y11,IO_L1N_T0_12,DAC_SPI0_MISO,,I/O,7,,,,
Y12,IO_L1P_T0_12,NetD16_Y12,,I/O,7,,,,
Y13,IO_L5N_T0_12,NetD16_Y13,,I/O,7,,,,
Y15,IO_L23N_T3_12,NetD16_Y15,,I/O,7,,,,
Y16,IO_L23P_T3_12,NetD16_Y16,,I/O,7,,,,
Y17,IO_L19P_T3_12,NetD16_Y17,,I/O,7,,,,
Y18,IO_L24P_T3_13,NetD16_Y18,,I/O,8,,,,
Y20,IO_L19N_T3_VREF_13,NetD16_Y20,,I/O,8,,,,
Y25,PS_DDR_DQ29_502,DDR3_D29,DDR3_D,I/O,6,,,,
Y26,PS_DDR_DQ30_502,DDR3_D30,DDR3_D,I/O,6,,,,
D1,IO_L4P_T0_33,ADC_XTAL_CLK,,Input,9,,,,
A23,PS_MIO12_500,NetD16_A23,,Output,4,,,,
A25,PS_MIO10_500,NetD16_A25,,Output,4,,,,
D23,PS_MIO14_500,NetD16_D23,,Output,4,,,,
D24,PS_MIO9_500,NetD16_D24,,Output,4,,,,
D4,IO_L2P_T0_33,ADC0_SCK,,Output,9,,,,
F4,IO_L1N_T0_33,ADC2_SCK,,Output,9,,,,
G2,IO_L3P_T0_DQS_33,ADC_CNV_EN,,Output,9,,,,
G24,PS_DDR_DM0_502,DDR3_DM0,,Output,6,,,,
G4,IO_L1P_T0_33,ADC1_SCK,,Output,9,,,,
H21,PS_DDR_A11_502,DDR3_A11,DDR3_A,Output,6,,,,
H22,PS_DDR_DRST_B_502,DDR3_RESET#,,Output,6,,,,
J20,PS_DDR_A13_502,DDR3_A13,DDR3_A,Output,6,,,,
J21,PS_DDR_A7_502,DDR3_A7,DDR3_A,Output,6,,,,
K20,PS_DDR_A1_502,DDR3_A1,DDR3_A,Output,6,,,,
K22,PS_DDR_A0_502,DDR3_A0,DDR3_A,Output,6,,,,
K25,PS_DDR_DM1_502,DDR3_DM1,,Output,6,,,,
L20,PS_DDR_A6_502,DDR3_A6,DDR3_A,Output,6,,,,
L22,PS_DDR_A3_502,DDR3_A3,DDR3_A,Output,6,,,,
M20,PS_DDR_A4_502,DDR3_A4,DDR3_A,Output,6,,,,
M22,PS_DDR_A10_502,DDR3_A10,DDR3_A,Output,6,,,,
N21,PS_DDR_A2_502,DDR3_A2,DDR3_A,Output,6,,,,
N22,PS_DDR_A5_502,DDR3_A5,DDR3_A,Output,6,,,,
P20,PS_DDR_A12_502,DDR3_A12,DDR3_A,Output,6,,,,
P21,PS_DDR_CKN_502,DDR3_CLK_N,,Output,6,,,,
P26,PS_DDR_DM2_502,DDR3_DM2,,Output,6,,,,
R20,PS_DDR_A14_502,DDR3_A14,DDR3_A,Output,6,,,,
R21,PS_DDR_CKP_502,DDR3_CLK_P,,Output,6,,,,
R22,PS_DDR_BA2_502,DDR3_BANK2,,Output,6,,,,
T20,PS_DDR_A8_502,DDR3_A8,DDR3_A,Output,6,,,,
T22,PS_DDR_BA1_502,DDR3_BANK1,,Output,6,,,,
U20,PS_DDR_A9_502,DDR3_A9,DDR3_A,Output,6,,,,
U21,PS_DDR_CKE_502,DDR3_CKE,,Output,6,,,,
U22,PS_DDR_BA0_502,DDR3_BANK0,,Output,6,,,,
V22,PS_DDR_WE_B_502,DDR3_WE#,,Output,6,,,,
V23,PS_DDR_RAS_B_502,DDR3_RAS#,,Output,6,,,,
V26,PS_DDR_DM3_502,DDR3_DM3,,Output,6,,,,
Y21,PS_DDR_CS_B_502,DDR3_CS#,,Output,6,,,,
Y22,PS_DDR_ODT_502,DDR3_ODT,,Output,6,,,,
Y23,PS_DDR_CAS_B_502,DDR3_CAS#,,Output,6,,,,
A1,GND_1,DGND,,Passive,1,,,,
A11,GND_2,DGND,,Passive,1,,,,
A16,VCCO_35_1,DVDD1V8,,Passive,1,,,,
A18,PS_MIO49_501,PS_STATUS_R,,Passive,5,,,,
A19,PS_MIO53_501,NetD16_A19,,Passive,5,,,,
A20,PS_MIO52_501,NetD16_A20,,Passive,5,,,,
A21,GND_3,DGND,,Passive,1,,,,
A22,PS_SRST_B_501,PS_RST,,Passive,5,,,,
A26,VCCO_MIO0_500_1,DVDD3V3,,Passive,1,,,,
A6,VCCO_34_1,DVDD1V8,,Passive,1,,,,
AA1,MGTXTXN0_112,NetD16_AA1,,Passive,3,,,,
AA11,GND_98,DGND,,Passive,1,,,,
AA16,VCCO_12_1,DVDD1V8,,Passive,1,,,,
AA2,MGTXTXP0_112,NetD16_AA2,,Passive,3,,,,
AA21,GND_99,DGND,,Passive,1,,,,
AA26,VCCO_13_2,DVDD3V3,,Passive,1,,,,
AA3,GND_95,DGND,,Passive,1,,,,
AA4,MGTAVCC_5,DVDD1V,,Passive,1,,,,
AA5,NC_3,NetD16_AA5,,Passive,1,,,,
AA6,NC_4,NetD16_AA6,,Passive,1,,,,
AA7,GND_96,DGND,,Passive,1,,,,
AA8,MGTAVCC_6,DVDD1V,,Passive,1,,,,
AA9,GND_97,DGND,,Passive,1,,,,
AB1,GND_100,DGND,,Passive,1,,,,
AB13,VCCO_12_2,DVDD1V8,,Passive,1,,,,
AB18,GND_103,DGND,,Passive,1,,,,
AB2,MGTAVTT_5,DVDD1V2,,Passive,1,,,,
AB23,VCCO_13_3,DVDD3V3,,Passive,1,,,,
AB3,MGTXRXN0_112,NetD16_AB3,,Passive,3,,,,
AB4,MGTXRXP0_112,NetD16_AB4,,Passive,3,,,,
AB5,GND_101,DGND,,Passive,1,,,,
AB6,MGTAVCC_7,DVDD1V,,Passive,1,,,,
AB7,MGTAVTTRCAL_112,DVDD1V2,,Passive,3,,,,
AB8,MGTRREF_112,NetD16_AB8,,Passive,3,,,,
AB9,GND_102,DGND,,Passive,1,,,,
AC1,NC_5,NetD16_AC1,,Passive,1,,,,
AC10,VCCO_12_3,DVDD1V8,,Passive,1,,,,
AC15,GND_107,DGND,,Passive,1,,,,
AC2,NC_6,NetD16_AC2,,Passive,1,,,,
AC20,VCCO_13_4,DVDD3V3,,Passive,1,,,,
AC25,GND_108,DGND,,Passive,1,,,,
AC3,GND_104,DGND,,Passive,1,,,,
AC4,MGTAVTT_6,DVDD1V2,,Passive,1,,,,
AC5,NC_7,NetD16_AC5,,Passive,1,,,,
AC6,NC_8,NetD16_AC6,,Passive,1,,,,
AC7,GND_105,DGND,,Passive,1,,,,
AC8,MGTAVCC_8,DVDD1V,,Passive,1,,,,
AC9,GND_106,DGND,,Passive,1,,,,
AD1,GND_109,DGND,,Passive,1,,,,
AD12,GND_112,DGND,,Passive,1,,,,
AD17,VCCO_12_4,DVDD1V8,,Passive,1,,,,
AD2,MGTAVTT_7,DVDD1V2,,Passive,1,,,,
AD22,GND_113,DGND,,Passive,1,,,,
AD3,NC_9,NetD16_AD3,,Passive,1,,,,
AD4,NC_10,NetD16_AD4,,Passive,1,,,,
AD5,GND_110,DGND,,Passive,1,,,,
AD6,MGTAVCC_9,DVDD1V,,Passive,1,,,,
AD7,NC_11,NetD16_AD7,,Passive,1,,,,
AD8,NC_12,NetD16_AD8,,Passive,1,,,,
AD9,GND_111,DGND,,Passive,1,,,,
AE1,NC_13,NetD16_AE1,,Passive,1,,,,
AE14,VCCO_12_5,DVDD1V8,,Passive,1,,,,
AE19,GND_117,DGND,,Passive,1,,,,
AE2,NC_14,NetD16_AE2,,Passive,1,,,,
AE24,VCCO_13_5,DVDD3V3,,Passive,1,,,,
AE3,GND_114,DGND,,Passive,1,,,,
AE4,MGTAVTT_8,DVDD1V2,,Passive,1,,,,
AE5,NC_15,NetD16_AE5,,Passive,1,,,,
AE6,NC_16,NetD16_AE6,,Passive,1,,,,
AE7,GND_115,DGND,,Passive,1,,,,
AE8,MGTAVCC_10,DVDD1V,,Passive,1,,,,
AE9,GND_116,DGND,,Passive,1,,,,
AF1,GND_118,DGND,,Passive,1,,,,
AF11,VCCO_12_6,DVDD1V8,,Passive,1,,,,
AF16,GND_121,DGND,,Passive,1,,,,
AF2,MGTAVTT_9,DVDD1V2,,Passive,1,,,,
AF21,VCCO_13_6,DVDD3V3,,Passive,1,,,,
AF26,GND_122,DGND,,Passive,1,,,,
AF3,NC_17,NetD16_AF3,,Passive,1,,,,
AF4,NC_18,NetD16_AF4,,Passive,1,,,,
AF5,GND_119,DGND,,Passive,1,,,,
AF6,MGTAVTT_10,DVDD1V2,,Passive,1,,,,
AF7,NC_19,NetD16_AF7,,Passive,1,,,,
AF8,NC_20,NetD16_AF8,,Passive,1,,,,
AF9,GND_120,DGND,,Passive,1,,,,
B13,VCCO_35_2,DVDD1V8,,Passive,1,,,,
B18,GND_5,DGND,,Passive,1,,,,
B19,PS_MIO47_501,SD_CD#,,Passive,5,,,,
B20,PS_MIO51_501,PS_STATUS_Y,,Passive,5,,,,
B21,PS_MIO48_501,NetD16_B21,,Passive,5,,,,
B22,PS_MIO50_501,PS_STATUS_G,,Passive,5,,,,
B23,VCCO_MIO0_500_2,DVDD3V3,,Passive,1,,,,
B24,PS_CLK_500,PS_CLK,,Passive,4,,,,
B3,VCCO_34_2,DVDD1V8,,Passive,1,,,,
B8,GND_4,DGND,,Passive,1,,,,
C10,VCCO_34_3,DVDD1V8,,Passive,1,,,,
C15,GND_7,DGND,,Passive,1,,,,
C18,PS_MIO45_501,SD_D3,,Passive,5,,,,
C19,PS_MIO41_501,SD_CMD,,Passive,5,,,,
C20,VCCO_MIO1_501_1,DVDD1V8,,Passive,1,,,,
C21,PS_MIO39_501,PS_GPIO_1,,Passive,5,,,,
C22,PS_MIO40_501,NetD16_C22,,Passive,5,,,,
C23,PS_POR_B_500,NetD16_C23,,Passive,4,,,,
C24,PS_MIO15_500,NetD16_C24,,Passive,4,,,,
C25,GND_8,DGND,,Passive,1,,,,
C5,GND_6,DGND,,Passive,1,,,,
D12,GND_10,DGND,,Passive,1,,,,
D17,VCCO_MIO1_501_2,DVDD1V8,,Passive,1,,,,
D18,PS_MIO43_501,SD_D1,,Passive,5,,,,
D19,PS_MIO35_501,PJTAG_TCK,,Passive,5,,,,
D2,GND_9,DGND,,Passive,1,,,,
D20,PS_MIO37_501,PJTAG_TDI_FPGA,,Passive,5,,,,
D21,PS_MIO38_501,PS_GPIO_0,,Passive,5,,,,
D22,GND_11,DGND,,Passive,1,,,,
D7,VCCO_34_4,DVDD1V8,,Passive,1,,,,
E14,VCCO_35_3,DVDD1V8,,Passive,1,,,,
E17,PS_MIO46_501,NetD16_E17,,Passive,5,,,,
E18,PS_MIO44_501,SD_D2,,Passive,5,,,,
E19,GND_13,DGND,,Passive,1,,,,
E20,PS_MIO29_501,NetD16_E20,,Passive,5,,,,
E21,PS_MIO31_501,NetD16_E21,,Passive,5,,,,
E22,PS_MIO33_501,NetD16_E22,,Passive,5,,,,
E24,VCCO_MIO0_500_3,DVDD3V3,,Passive,1,,,,
E4,VCCO_33_1,DVDD1V8,,Passive,1,,,,
E9,GND_12,DGND,,Passive,1,,,,
F1,VCCO_33_2,DVDD1V8,,Passive,1,,,,
F11,VCCO_35_4,DVDD1V8,,Passive,1,,,,
F16,GND_15,DGND,,Passive,1,,,,
F17,PS_MIO42_501,SD_D0,,Passive,5,,,,
F18,PS_MIO27_501,NetD16_F18,,Passive,5,,,,
F19,PS_MIO25_501,NetD16_F19,,Passive,5,,,,
F20,PS_MIO23_501,NetD16_F20,,Passive,5,,,,
F21,VCCO_MIO1_501_3,DVDD1V8,,Passive,1,,,,
F22,PS_MIO21_501,RGMII_TXCTL,,Passive,5,,,,
F26,GND_16,DGND,,Passive,1,,,,
F6,GND_14,DGND,,Passive,1,,,,
G13,GND_18,DGND,,Passive,1,,,,
G17,PS_MIO17_501,RGMII_TX0,,Passive,5,,,,
G18,VCCO_MIO1_501_4,DVDD1V8,,Passive,1,,,,
G19,PS_MIO19_501,RGMII_TX2,,Passive,5,,,,
G20,PS_MIO18_501,RGMII_TX1,,Passive,5,,,,
G21,PS_MIO16_501,RGMII_TXCLK,,Passive,5,,,,
G22,PS_MIO22_501,NetD16_G22,,Passive,5,,,,
G23,GND_19,DGND,,Passive,1,,,,
G3,GND_17,DGND,,Passive,1,,,,
G8,VCCO_34_5,DVDD1V8,,Passive,1,,,,
H10,GND_20,DGND,,Passive,1,,,,
H15,VCCO_35_5,DVDD1V8,,Passive,1,,,,
H17,PS_MIO26_501,NetD16_H17,,Passive,5,,,,
H18,PS_MIO_VREF_501,PS_MIO_VREF,,Passive,5,,,,
H19,PS_MIO20_501,RGMII_TX3,,Passive,5,,,,
H20,GND_21,DGND,,Passive,1,,,,
H25,VCCO_DDR_502_1,DVDD1V35,,Passive,1,,,,
H5,VCCO_33_3,DVDD1V8,,Passive,1,,,,
J12,VCCO_35_6,DVDD1V8,,Passive,1,,,,
J16,PS_MIO34_501,PJTAG_TMS,,Passive,5,,,,
J17,GND_23,DGND,,Passive,1,,,,
J18,PS_MIO28_501,NetD16_J18,,Passive,5,,,,
J19,PS_MIO24_501,NetD16_J19,,Passive,5,,,,
J2,VCCO_33_4,DVDD1V8,,Passive,1,,,,
J22,VCCO_DDR_502_2,DVDD1V35,,Passive,1,,,,
J7,GND_22,DGND,,Passive,1,,,,
K14,GND_25,DGND,,Passive,1,,,,
K16,PS_MIO36_501,PJTAG_TDO_FPGA,,Passive,5,,,,
K17,PS_MIO32_501,NetD16_K17,,Passive,5,,,,
K18,VCCO_MIO1_501_5,DVDD1V8,,Passive,1,,,,
K19,PS_MIO30_501,NetD16_K19,,Passive,5,,,,
K21,PS_DDR_VREF0_502,VrefDDR3,,Passive,6,,,,
K24,GND_26,DGND,,Passive,1,,,,
K4,GND_24,DGND,,Passive,1,,,,
K9,VCCO_34_6,DVDD1V8,,Passive,1,,,,
L1,GND_27,DGND,,Passive,1,,,,
L10,GND_28,DGND,,Passive,1,,,,
L11,VCCINT_1,DVDD1V,,Passive,1,,,,
L12,GND_29,DGND,,Passive,1,,,,
L13,VCCINT_2,DVDD1V,,Passive,1,,,,
L14,GND_30,DGND,,Passive,1,,,,
L15,VCCINT_3,DVDD1V,,Passive,1,,,,
L16,GND_31,DGND,,Passive,1,,,,
L17,VCCPINT_1,DVDD1V,,Passive,1,,,,
L18,GND_32,DGND,,Passive,1,,,,
L19,VCCPAUX_1,DVDD1V8,,Passive,1,,,,
L21,GND_33,DGND,,Passive,1,,,,
L26,VCCO_DDR_502_3,DVDD1V35,,Passive,1,,,,
L6,VCCO_33_5,DVDD1V8,,Passive,1,,,,
M10,VCCAUX_IO_G0_1,DVDD1V8,,Passive,1,,,,
M11,GND_35,DGND,,Passive,1,,,,
M12,VCCINT_4,DVDD1V,,Passive,1,,,,
M13,GNDADC_0,DGND,,Passive,2,,,,
M14,VCCADC_0,AVDD1V8,,Passive,2,,,,
M15,GND_36,DGND,,Passive,1,,,,
M16,VCCBRAM_1,DVDD1V,,Passive,1,,,,
M17,GND_37,DGND,,Passive,1,,,,
M18,VCCPLL,NetD16_M18,,Passive,1,,,,
M19,GND_38,DGND,,Passive,1,,,,
M21,PS_DDR_VREF1_502,VrefDDR3,,Passive,6,,,,
M23,VCCO_DDR_502_4,DVDD1V35,,Passive,1,,,,
M3,VCCO_33_6,DVDD1V8,,Passive,1,,,,
M9,GND_34,DGND,,Passive,1,,,,
N10,GND_40,DGND,,Passive,1,,,,
N11,VCCINT_5,DVDD1V,,Passive,1,,,,
N12,GND_41,DGND,,Passive,1,,,,
N13,VREFN_0,DGND,,Passive,2,,,,
N14,VP_0,XADC_Temp_P,,Passive,2,,,,
N15,VCCINT_6,DVDD1V,,Passive,1,,,,
N16,GND_42,DGND,,Passive,1,,,,
N17,VCCPINT_2,DVDD1V,,Passive,1,,,,
N18,GND_43,DGND,,Passive,1,,,,
N19,VCCPAUX_2,DVDD1V8,,Passive,1,,,,
N20,VCCO_DDR_502_5,DVDD1V35,,Passive,1,,,,
N25,GND_44,DGND,,Passive,1,,,,
N5,GND_39,DGND,,Passive,1,,,,
N9,VCCAUX_1,DVDD1V8,,Passive,1,,,,
P1,GND_45,DGND,,Passive,1,,,,
P10,VCCAUX_IO_G0_2,DVDD1V8,,Passive,1,,,,
P11,GND_53,DGND,,Passive,1,,,,
P12,VCCINT_7,DVDD1V,,Passive,1,,,,
P13,VN_0,DGND,,Passive,2,,,,
P14,VREFP_0,XADC_VREF,,Passive,2,,,,
P15,GND_54,DGND,,Passive,1,,,,
P16,VCCBRAM_2,DVDD1V,,Passive,1,,,,
P17,GND_55,DGND,,Passive,1,,,,
P18,VCCPINT_3,DVDD1V,,Passive,1,,,,
P19,GND_56,DGND,,Passive,1,,,,
P2,GND_46,DGND,,Passive,1,,,,
P22,GND_57,DGND,,Passive,1,,,,
P3,GND_47,DGND,,Passive,1,,,,
P4,GND_48,DGND,,Passive,1,,,,
P5,GND_49,DGND,,Passive,1,,,,
P6,GND_50,DGND,,Passive,1,,,,
P7,GND_51,DGND,,Passive,1,,,,
P8,VCCAUX_2,DVDD1V8,,Passive,1,,,,
P9,GND_52,DGND,,Passive,1,,,,
R1,MGTXTXN3_112,NetD16_R1,,Passive,3,,,,
R10,GND_60,DGND,,Passive,1,,,,
R11,VCCINT_8,DVDD1V,,Passive,1,,,,
R12,GND_61,DGND,,Passive,1,,,,
R13,DXN_0,DGND,,Passive,2,,,,
R14,DXP_0,DGND,,Passive,2,,,,
R15,VCCINT_9,DVDD1V,,Passive,1,,,,
R16,GND_62,DGND,,Passive,1,,,,
R17,VCCPINT_4,DVDD1V,,Passive,1,,,,
R18,GND_63,DGND,,Passive,1,,,,
R19,VCCPAUX_3,DVDD1V8,,Passive,1,,,,
R2,MGTXTXP3_112,NetD16_R2,,Passive,3,,,,
R24,VCCO_DDR_502_6,DVDD1V35,,Passive,1,,,,
R3,GND_58,DGND,,Passive,1,,,,
R4,MGTAVCC_1,DVDD1V,,Passive,1,,,,
R5,MGTREFCLK0N_112,NetD16_R5,,Passive,3,,,,
R6,MGTREFCLK0P_112,NetD16_R6,,Passive,3,,,,
R7,GND_59,DGND,,Passive,1,,,,
R8,INIT_B_0,NetD16_R8,,Passive,2,,,,
R9,VCCAUX_3,DVDD1V8,,Passive,1,,,,
T1,GND_64,DGND,,Passive,1,,,,
T10,VCCAUX_IO_G0_3,DVDD1V8,,Passive,1,,,,
T11,GND_67,DGND,,Passive,1,,,,
T12,VCCINT_10,DVDD1V,,Passive,1,,,,
T13,GND_68,DGND,,Passive,1,,,,
T14,VCCINT_11,DVDD1V,,Passive,1,,,,
T15,GND_69,DGND,,Passive,1,,,,
T16,VCCBRAM_3,DVDD1V,,Passive,1,,,,
T17,GND_70,DGND,,Passive,1,,,,
T18,VCCPINT_5,DVDD1V,,Passive,1,,,,
T19,GND_71,DGND,,Passive,1,,,,
T2,MGTAVTT_1,DVDD1V2,,Passive,1,,,,
T21,VCCO_DDR_502_7,DVDD1V35,,Passive,1,,,,
T26,GND_72,DGND,,Passive,1,,,,
T3,MGTXRXN3_112,NetD16_T3,,Passive,3,,,,
T4,MGTXRXP3_112,NetD16_T4,,Passive,3,,,,
T5,GND_65,DGND,,Passive,1,,,,
T6,MGTAVCC_2,DVDD1V,,Passive,1,,,,
T7,CFGBVS_0,DVDD3V3,,Passive,2,,,,
T8,VCCAUX_4,DVDD1V8,,Passive,1,,,,
T9,GND_66,DGND,,Passive,1,,,,
U1,MGTXTXN2_112,NetD16_U1,,Passive,3,,,,
U10,GND_75,DGND,,Passive,1,,,,
U11,VCCINT_12,DVDD1V,,Passive,1,,,,
U12,GND_76,DGND,,Passive,1,,,,
U13,VCCINT_13,DVDD1V,,Passive,1,,,,
U14,GND_77,DGND,,Passive,1,,,,
U15,VCCINT_14,DVDD1V,,Passive,1,,,,
U16,GND_78,DGND,,Passive,1,,,,
U17,VCCPINT_6,DVDD1V,,Passive,1,,,,
U18,GND_79,DGND,,Passive,1,,,,
U19,VCCPAUX_4,DVDD1V8,,Passive,1,,,,
U2,MGTXTXP2_112,NetD16_U2,,Passive,3,,,,
U23,GND_80,DGND,,Passive,1,,,,
U3,GND_73,DGND,,Passive,1,,,,
U4,MGTAVCC_3,DVDD1V,,Passive,1,,,,
U5,MGTREFCLK1N_112,NetD16_U5,,Passive,3,,,,
U6,MGTREFCLK1P_112,NetD16_U6,,Passive,3,,,,
U7,GND_74,DGND,,Passive,1,,,,
U8,RSVDVCC3,DVDD3V3,,Passive,2,,,,
U9,VCCAUX_5,DVDD1V8,,Passive,1,,,,
V1,GND_81,DGND,,Passive,1,,,,
V10,VCCAUX_6,DVDD1V8,,Passive,1,,,,
V11,TDI_0,TDI_FPGA,,Passive,2,,,,
V12,VCCO_0_1,DVDD3V3,,Passive,1,,,,
V13,RSVDGND,DGND,,Passive,2,,,,
V14,VCCO_0_2,DVDD3V3,,Passive,1,,,,
V15,VCCBATT_0,DVDD1V8,,Passive,1,,,,
V16,VCCBRAM_4,DVDD1V,,Passive,1,,,,
V17,GND_84,DGND,,Passive,1,,,,
V2,MGTAVTT_2,DVDD1V2,,Passive,1,,,,
V20,GND_85,DGND,,Passive,1,,,,
V21,PS_DDR_VRN_502,NetD16_V21,,Passive,6,,,,
V25,VCCO_DDR_502_8,DVDD1V35,,Passive,1,,,,
V3,MGTXRXN2_112,NetD16_V3,,Passive,3,,,,
V4,MGTXRXP2_112,NetD16_V4,,Passive,3,,,,
V5,GND_82,DGND,,Passive,1,,,,
V6,MGTVCCAUX,DVDD1V8,,Passive,1,,,,
V7,GND_83,DGND,,Passive,1,,,,
V8,RSVDVCC2,DVDD3V3,,Passive,2,,,,
V9,PROGRAM_B_0,PROGRAM_B,,Passive,2,,,,
W1,MGTXTXN1_112,NetD16_W1,,Passive,3,,,,
W10,TDO_0,NetD16_W10,,Passive,2,,,,
W11,TMS_0,TMS,,Passive,2,,,,
W12,TCK_0,TCK,,Passive,2,,,,
W2,MGTXTXP1_112,NetD16_W2,,Passive,3,,,,
W21,PS_DDR_VRP_502,NetD16_W21,,Passive,6,,,,
W22,VCCO_DDR_502_9,DVDD1V35,,Passive,1,,,,
W3,GND_86,DGND,,Passive,1,,,,
W4,MGTAVTT_3,DVDD1V2,,Passive,1,,,,
W5,NC_1,NetD16_W5,,Passive,1,,,,
W6,NC_2,NetD16_W6,,Passive,1,,,,
W7,GND_87,DGND,,Passive,1,,,,
W8,RSVDVCC1,DVDD3V3,,Passive,2,,,,
W9,DONE_0,CONFIG_DONE,,Passive,2,,,,
Y1,GND_88,DGND,,Passive,1,,,,
Y14,GND_93,DGND,,Passive,1,,,,
Y19,VCCO_13_1,DVDD3V3,,Passive,1,,,,
Y2,MGTAVTT_4,DVDD1V2,,Passive,1,,,,
Y24,GND_94,DGND,,Passive,1,,,,
Y3,MGTXRXN1_112,NetD16_Y3,,Passive,3,,,,
Y4,MGTXRXP1_112,NetD16_Y4,,Passive,3,,,,
Y5,GND_89,DGND,,Passive,1,,,,
Y6,MGTAVCC_4,DVDD1V,,Passive,1,,,,
Y7,GND_90,DGND,,Passive,1,,,,
Y8,GND_91,DGND,,Passive,1,,,,
Y9,GND_92,DGND,,Passive,1,,,,
